"corpus";"soneto_n";"año";"incipit";"endecasilabos";"fft_f0";"fft_f1";"fft_f2";"fft_f3";"fft_f4";"ac_lag2";"ac_lag3";"ac_lag4";"ac_lag5";"ac_lag6";"ac_lag7";"ac_lag8";"sinalefas_media";"accent_pos1";"accent_pos2";"accent_pos3";"accent_pos4";"accent_pos5";"accent_pos6";"accent_pos7";"accent_pos8";"accent_pos9";"fft_lit_f1";"fft_lit_f2";"fft_lit_f3";"fft_lit_f4";"lit_media";"lit_std";"rima_diversidad";"rima_entropia";"rima_len_media";"rima_pct_partic";"rima_base_norm"
"segura_A";"51";"1585";"Tres veces de Aquilón el soplo airado";"14/14";"4.142857";"0.698432";"1.412764";"0.881192";"1.504514";"0.255095";"-0.434899";"0.284313";"-0.326434";"0.481199";"-0.393705";"0.308265";"0.714286";"0.142857";"0.642857";"0.071429";"0.928571";"0.0";"0.642857";"0.0";"0.642857";"0.071429";"7.635129";"8.692385";"13.665066";"15.000669";"29.428571";"2.846408";"0.357143";"2.182006";"6.5";"0.285714";"6.5"
"segura_A";"162";"1605";"Clarísimo Marqués, dos veces claro";"14/14";"4.071429";"0.761399";"1.310385";"1.585465";"1.319946";"-0.000145";"-0.136422";"0.153458";"-0.026998";"-0.011919";"-0.11247";"0.115687";"0.571429";"0.285714";"0.357143";"0.357143";"0.5";"0.0";"0.857143";"0.214286";"0.428571";"0.071429";"12.07335";"11.38199";"12.39837";"3.561666";"28.571429";"3.016959";"0.642857";"2.896292";"7.642857";"0.0";"7.642857"
"segura_A";"201";"1609";"Música le pidió ayer su albedrío";"14/14";"4.071429";"0.938668";"1.015479";"1.560121";"1.430678";"0.053124";"-0.189691";"0.322357";"-0.266711";"0.121255";"-0.245644";"0.310584";"0.857143";"0.357143";"0.571429";"0.142857";"0.428571";"0.0";"0.928571";"0.142857";"0.428571";"0.071429";"0.944258";"7.066448";"1.830917";"8.681255";"28.357143";"1.756911";"0.714286";"3.093069";"6.285714";"0.0";"6.285714"
"segura_A";"17";"1582";"Raya, dorado Sol, orna y colora";"14/14";"4.0";"0.751179";"1.35289";"0.937021";"1.591416";"0.152259";"-0.28062";"0.217968";"-0.268644";"0.382131";"-0.364133";"0.232911";"0.857143";"0.285714";"0.5";"0.071429";"0.785714";"0.0";"0.571429";"0.071429";"0.714286";"0.0";"7.563778";"9.796519";"4.192232";"7.250346";"27.857143";"1.994891";"0.571429";"2.753434";"6.0";"0.0";"6.0"
"segura_A";"144";"1603";"La plaza, un jardín fresco; los tablados,";"14/14";"3.642857";"0.708873";"1.005318";"2.078549";"1.136164";"-0.117165";"-0.102557";"0.298631";"-0.147038";"-0.056364";"-0.058997";"0.257505";"0.428571";"0.142857";"0.428571";"0.428571";"0.357143";"0.142857";"0.857143";"0.0";"0.214286";"0.071429";"2.754238";"11.96615";"7.816204";"0.928563";"27.785714";"1.933855";"0.357143";"2.235926";"7.285714";"0.0";"7.285714"
"segura_A";"16";"1582";"¡Oh claro honor del líquido elemento,";"14/14";"3.785714";"0.93262";"1.095073";"1.409773";"1.172946";"0.155141";"-0.234601";"0.213624";"-0.314317";"0.2256";"-0.136502";"0.118245";"0.928571";"0.214286";"0.357143";"0.142857";"0.642857";"0.0";"0.714286";"0.071429";"0.642857";"0.0";"1.117224";"5.483742";"11.115593";"5.568773";"29.285714";"2.015248";"0.571429";"2.753434";"6.571429";"0.0";"6.571429"
"segura_A";"196";"1609";"En el cristal de tu divina mano";"14/14";"4.214286";"0.870341";"1.151133";"1.685669";"1.489642";"-0.071828";"0.003526";"0.088139";"-0.194165";"0.17874";"-0.086615";"-0.02821";"0.571429";"0.428571";"0.285714";"0.285714";"0.714286";"0.0";"0.642857";"0.214286";"0.5";"0.142857";"9.439692";"5.953636";"11.825212";"7.138622";"27.785714";"2.177107";"0.857143";"3.46772";"5.428571";"0.214286";"5.428571"
"segura_A";"137";"1603";"Hermosas damas si la pasión ciega";"14/14";"3.785714";"0.954287";"1.444654";"1.510169";"1.394081";"-0.093618";"-0.068762";"0.020145";"-0.065558";"0.180417";"-0.098766";"-0.037498";"0.285714";"0.357143";"0.214286";"0.142857";"0.714286";"0.071429";"0.571429";"0.071429";"0.357143";"0.285714";"6.90401";"10.526607";"9.069619";"14.11772";"27.0";"2.672612";"0.785714";"3.378783";"5.285714";"0.0";"5.285714"
"segura_A";"195";"1609";"Oh marinero, tú que, cortesano,";"14/14";"4.071429";"0.827641";"1.191026";"1.430031";"1.62235";"0.044033";"-0.172148";"0.215818";"-0.213441";"0.165434";"-0.210556";"0.221588";"0.642857";"0.214286";"0.5";"0.285714";"0.571429";"0.142857";"0.714286";"0.0";"0.5";"0.142857";"13.899772";"4.716924";"3.73125";"6.524571";"26.357143";"1.797107";"0.714286";"3.093069";"5.928571";"0.0";"5.928571"
"segura_A";"15";"1582";"Al tramontar del sol, la ninfa mía,";"14/14";"4.0";"0.82068";"1.017253";"1.362002";"1.201865";"0.14325";"-0.262763";"0.343289";"-0.277653";"0.167202";"-0.265677";"0.206044";"0.642857";"0.214286";"0.5";"0.214286";"0.571429";"0.0";"0.785714";"0.071429";"0.642857";"0.0";"18.123667";"7.666753";"15.267622";"4.953582";"28.357143";"2.818489";"0.785714";"3.378783";"5.5";"0.0";"5.5"
"segura_A";"42";"1584";"No destrozada nave en roca dura";"14/14";"3.857143";"0.756192";"1.230807";"1.421052";"1.42795";"0.054093";"-0.195081";"0.20291";"-0.101001";"0.132782";"-0.171129";"0.10854";"0.785714";"0.285714";"0.357143";"0.285714";"0.571429";"0.0";"0.785714";"0.071429";"0.5";"0.0";"5.988656";"3.573581";"4.315675";"5.782962";"26.571429";"1.449842";"0.714286";"3.235926";"6.928571";"0.285714";"6.928571"
"segura_A";"18";"1582";"Cual parece al romper de la mañana";"14/14";"3.928571";"0.867271";"1.045922";"1.480196";"1.42139";"0.090223";"-0.147783";"0.18353";"-0.171846";"0.141285";"-0.18698";"0.162515";"0.785714";"0.285714";"0.357143";"0.357143";"0.571429";"0.0";"0.857143";"0.071429";"0.357143";"0.071429";"11.248411";"9.196535";"12.716433";"1.805786";"29.071429";"2.313448";"0.571429";"2.807355";"6.785714";"0.0";"6.785714"
"segura_A";"19";"1582";"Suspiros tristes, lágrimas cansadas,";"14/14";"3.928571";"0.658088";"1.28464";"1.459291";"1.328306";"0.036002";"-0.265153";"0.264861";"-0.144735";"0.186577";"-0.195909";"0.243846";"0.785714";"0.214286";"0.571429";"0.357143";"0.5";"0.071429";"0.642857";"0.0";"0.571429";"0.0";"9.938123";"5.522826";"2.762949";"12.831118";"29.642857";"2.158278";"0.571429";"2.753434";"6.928571";"0.285714";"6.928571"
"segura_A";"24";"1582";"Mientras por competir con tu cabello,";"14/14";"4.214286";"0.875351";"0.963437";"1.16988";"1.307149";"0.164048";"-0.048891";"0.035722";"-0.072383";"0.02149";"0.018219";"-0.002002";"1.071429";"0.5";"0.214286";"0.285714";"0.5";"0.071429";"0.785714";"0.071429";"0.714286";"0.071429";"8.907992";"9.656737";"2.218055";"15.250553";"30.5";"2.5";"0.642857";"2.896292";"6.428571";"0.214286";"6.428571"
"segura_A";"32";"1583";"Ni en este monte, este aire, ni este río";"14/14";"4.285714";"0.891484";"1.090238";"1.392628";"1.509695";"0.127552";"-0.109918";"0.182208";"-0.149966";"0.047455";"-0.216028";"0.241518";"1.0";"0.285714";"0.357143";"0.214286";"0.571429";"0.214286";"0.928571";"0.142857";"0.5";"0.071429";"7.047689";"2.236233";"12.61072";"4.376983";"29.285714";"2.015248";"0.857143";"3.46772";"5.928571";"0.285714";"5.928571"
"segura_A";"41";"1584";"La dulce boca que a gustar convida";"14/14";"4.142857";"0.614725";"1.285137";"1.703354";"1.469124";"-0.044652";"-0.179916";"0.222307";"-0.141525";"0.207867";"-0.191554";"0.184253";"1.357143";"0.214286";"0.571429";"0.285714";"0.642857";"0.0";"0.714286";"0.142857";"0.357143";"0.214286";"6.173162";"3.449994";"15.422867";"10.64544";"28.928571";"2.737681";"0.785714";"3.378783";"6.214286";"0.285714";"6.214286"
"segura_A";"50";"1585";"¡Oh excelso muro, oh torres coronadas";"14/14";"4.142857";"0.896006";"0.890772";"1.485617";"1.384359";"0.19309";"-0.232748";"0.284313";"-0.16794";"0.032132";"-0.208796";"0.272675";"0.857143";"0.214286";"0.5";"0.285714";"0.571429";"0.142857";"0.928571";"0.0";"0.5";"0.0";"7.09418";"10.889827";"16.529775";"6.636342";"28.642857";"2.942476";"0.714286";"3.093069";"6.071429";"0.285714";"6.071429"
"segura_A";"116";"1600";"Pender de un leño, traspasado el pecho";"14/14";"4.714286";"1.006676";"1.184892";"1.331305";"1.385924";"0.135138";"-0.209609";"0.20712";"-0.197633";"0.149189";"-0.155354";"0.186218";"0.928571";"0.214286";"0.571429";"0.357143";"0.642857";"0.071429";"0.785714";"0.142857";"0.714286";"0.214286";"6.85289";"9.36928";"9.339994";"5.10741";"30.571429";"2.094697";"0.428571";"2.378783";"5.714286";"0.0";"5.714286"
"segura_A";"127";"1602";"Verdes juncos del Duero a mi pastora";"14/14";"4.285714";"0.964713";"0.961679";"1.643635";"1.250951";"-0.00251";"-0.152597";"0.20822";"-0.159312";"0.012096";"-0.017274";"0.161456";"1.071429";"0.428571";"0.571429";"0.428571";"0.357143";"0.0";"0.785714";"0.142857";"0.571429";"0.0";"10.124832";"8.672998";"1.840106";"10.46241";"29.642857";"2.990632";"0.928571";"3.664498";"6.142857";"0.0";"6.142857"
"segura_A";"138";"1603";"Si Amor entre las plumas de su nido";"14/14";"4.071429";"0.75552";"1.110717";"1.545246";"1.530071";"0.053124";"-0.269596";"0.295722";"-0.213441";"0.112164";"-0.183921";"0.301493";"0.428571";"0.071429";"0.714286";"0.285714";"0.357143";"0.071429";"0.714286";"0.071429";"0.714286";"0.071429";"6.082981";"7.897811";"11.059239";"10.799003";"27.642857";"2.021567";"0.785714";"3.235926";"6.142857";"0.285714";"6.142857"
"segura_A";"155";"1604";"Montaña inaccesible, opuesta en vano";"14/14";"4.0";"0.855913";"1.22936";"1.469892";"1.665423";"0.044795";"-0.226888";"0.289557";"-0.304519";"0.220935";"-0.256668";"0.313509";"0.642857";"0.142857";"0.642857";"0.071429";"0.571429";"0.214286";"0.714286";"0.071429";"0.571429";"0.0";"2.476684";"2.684496";"10.798816";"15.645092";"27.142857";"2.415934";"0.714286";"3.093069";"6.142857";"0.142857";"6.142857"
"segura_A";"76";"1589";"Sacros, altos, dorados capiteles,";"14/14";"4.071429";"0.724435";"1.17459";"1.74354";"1.375592";"0.02649";"-0.180601";"0.171639";"-0.097811";"0.067986";"-0.068291";"0.204045";"0.571429";"0.142857";"0.428571";"0.571429";"0.428571";"0.142857";"0.785714";"0.0";"0.428571";"0.142857";"4.798627";"3.0";"11.520515";"3.0";"28.714286";"1.435697";"0.357143";"2.235926";"6.928571";"0.0";"6.928571"
"segura_A";"180";"1608";"Mientras Corinto, en lágrimas deshecho,";"14/14";"4.428571";"1.060266";"1.089475";"1.475724";"1.314005";"0.155908";"-0.23242";"0.167885";"-0.143485";"0.051596";"-0.105856";"0.172789";"1.285714";"0.214286";"0.428571";"0.285714";"0.642857";"0.071429";"0.857143";"0.071429";"0.642857";"0.214286";"9.355821";"9.819383";"3.412269";"10.77285";"29.0";"2.203893";"0.714286";"3.093069";"5.785714";"0.0";"5.785714"
"segura_A";"13";"1582";"De pura honestidad templo sagrado,";"14/14";"4.0";"0.668975";"1.224355";"1.150089";"1.683043";"0.044795";"-0.146289";"0.182092";"-0.250787";"0.346256";"-0.292543";"0.197035";"0.642857";"0.357143";"0.5";"0.071429";"0.785714";"0.0";"0.5";"0.071429";"0.642857";"0.071429";"3.160273";"7.362024";"7.140038";"6.292239";"27.928571";"1.751093";"1.0";"3.807355";"5.714286";"0.285714";"5.714286"
"segura_A";"40";"1584";"Con diferencia tal, con gracia tanta";"14/14";"3.785714";"0.931505";"0.94625";"2.120456";"1.04077";"-0.07475";"-0.188094";"0.462383";"-0.231397";"-0.078438";"-0.164141";"0.348136";"0.714286";"0.071429";"0.571429";"0.214286";"0.357143";"0.142857";"0.857143";"0.071429";"0.357143";"0.142857";"13.332028";"6.503611";"8.680709";"8.690956";"28.928571";"2.086155";"0.5";"2.521641";"5.928571";"0.0";"5.928571"
"segura_A";"20";"1582";"Ya besando unas manos cristalinas,";"14/14";"4.5";"0.851993";"1.047426";"1.140673";"1.655827";"0.170859";"-0.144887";"0.03952";"-0.015084";"0.000519";"-0.079573";"0.095218";"1.0";"0.428571";"0.428571";"0.428571";"0.571429";"0.214286";"0.785714";"0.071429";"0.5";"0.071429";"14.235936";"4.551766";"3.195647";"7.47879";"28.571429";"2.161821";"0.428571";"2.378783";"6.714286";"0.0";"6.714286"
"segura_A";"45";"1584";"Gallardas plantas que con voz doliente";"14/14";"4.428571";"0.816003";"0.884721";"1.364861";"1.551367";"0.191085";"-0.17159";"0.177408";"-0.185267";"0.077249";"-0.080204";"0.054049";"0.785714";"0.285714";"0.428571";"0.428571";"0.5";"0.071429";"0.785714";"0.142857";"0.714286";"0.071429";"2.643162";"1.858914";"3.797023";"15.356664";"30.142857";"3.090473";"0.5";"2.521641";"6.0";"0.0";"6.0"
"segura_A";"182";"1608";"-¿De dónde bueno, Juan, con pedorreras?";"14/14";"4.071429";"0.962758";"1.012928";"1.718996";"1.560549";"-0.080049";"-0.003248";"0.189183";"-0.240076";"0.112164";"-0.077382";"0.088415";"0.357143";"0.428571";"0.5";"0.214286";"0.642857";"0.142857";"0.642857";"0.142857";"0.285714";"0.071429";"7.466049";"8.529881";"10.277563";"12.57557";"27.214286";"2.650568";"0.571429";"2.664498";"6.5";"0.0";"6.5"
"segura_A";"69";"1588";"Grandes, más que elefantes y que abadas,";"14/14";"3.928571";"0.671864";"1.371753";"1.420247";"1.410955";"-0.018219";"-0.093562";"0.264861";"-0.171846";"0.087065";"-0.15987";"0.198554";"0.642857";"0.5";"0.357143";"0.142857";"0.571429";"0.0";"0.857143";"0.142857";"0.285714";"0.071429";"9.447504";"11.46707";"6.063818";"13.61743";"27.857143";"2.474358";"0.5";"2.521641";"6.214286";"0.285714";"6.214286"
"segura_A";"193";"1609";"Este a Pomona, cuando ya no sea";"14/14";"3.785714";"0.965067";"1.054227";"1.584867";"1.345557";"0.025713";"-0.17055";"0.203528";"-0.186213";"0.087401";"-0.164141";"0.265216";"0.714286";"0.285714";"0.428571";"0.285714";"0.5";"0.0";"0.714286";"0.142857";"0.357143";"0.071429";"17.875126";"10.353419";"3.583017";"8.137374";"27.714286";"2.519313";"0.857143";"3.521641";"6.571429";"0.214286";"6.571429"
"segura_A";"197";"1609";"Los blancos lilios que de ciento en ciento,";"14/14";"3.857143";"0.856621";"1.264341";"1.183883";"1.484577";"0.10883";"-0.167713";"0.19406";"-0.274059";"0.279291";"-0.325668";"0.209163";"0.928571";"0.285714";"0.357143";"0.071429";"0.785714";"0.0";"0.785714";"0.142857";"0.428571";"0.0";"9.313816";"7.224386";"8.689516";"25.567468";"29.071429";"3.594923";"0.714286";"3.093069";"6.142857";"0.0";"6.142857"
"segura_A";"71";"1588";"Duélete de esa puente, Manzanares,";"14/14";"4.5";"0.902423";"1.12484";"1.292055";"1.448045";"0.119882";"-0.189606";"0.182835";"-0.193503";"0.229915";"-0.156039";"0.079345";"1.428571";"0.357143";"0.5";"0.357143";"0.857143";"0.071429";"0.642857";"0.142857";"0.571429";"0.0";"6.991865";"8.903393";"15.887461";"8.772532";"29.5";"2.412764";"0.5";"2.521641";"7.5";"0.285714";"7.5"
"segura_A";"93";"1593";"Árbol de cuyos ramos fortunados,";"14/14";"3.428571";"0.627403";"0.924625";"2.187091";"1.201821";"-0.099018";"-0.159907";"0.363938";"-0.077028";"-0.20882";"-0.123525";"0.379487";"0.5";"0.071429";"0.428571";"0.428571";"0.142857";"0.071429";"1.0";"0.071429";"0.214286";"0.0";"1.748338";"5.941276";"1.550106";"11.061667";"27.571429";"1.761261";"0.428571";"2.378783";"7.428571";"0.0";"7.428571"
"segura_A";"135";"1603";"Lilio siempre real, nací en Medina,";"14/14";"4.357143";"0.845934";"1.040327";"1.456456";"1.438642";"0.082189";"-0.195924";"0.171648";"-0.219209";"0.225845";"-0.139185";"0.160338";"0.857143";"0.285714";"0.5";"0.357143";"0.642857";"0.0";"0.714286";"0.071429";"0.571429";"0.214286";"9.005955";"8.027014";"20.414644";"7.682563";"28.714286";"3.216666";"0.785714";"3.235926";"5.857143";"0.0";"5.857143"
"segura_A";"112";"1598";"Este monte, de cruces coronado,";"14/14";"4.0";"0.779763";"1.072125";"1.322925";"1.530023";"0.152259";"-0.244745";"0.217968";"-0.214912";"0.220935";"-0.185079";"0.223902";"0.357143";"0.214286";"0.5";"0.357143";"0.642857";"0.0";"0.714286";"0.0";"0.571429";"0.0";"19.318213";"5.227628";"4.706461";"3.366198";"28.714286";"2.83923";"0.571429";"2.807355";"7.357143";"0.285714";"7.357143"
"segura_A";"68";"1588";"Por niñear un picarillo tierno,";"14/14";"4.571429";"1.212593";"1.011731";"1.437928";"1.362809";"0.064919";"-0.06547";"0.09252";"-0.180163";"0.069454";"-0.111603";"0.056096";"2.0";"0.428571";"0.357143";"0.357143";"0.714286";"0.142857";"0.857143";"0.142857";"0.5";"0.071429";"15.347877";"12.65327";"4.949281";"3.173458";"29.928571";"2.603961";"0.642857";"2.950212";"6.571429";"0.142857";"6.571429"
"segura_A";"134";"1603";"¡Ayer deidad humana, hoy poca tierra;";"14/14";"4.714286";"0.921615";"1.156912";"1.566892";"1.292771";"0.034928";"-0.094247";"0.147114";"0.017939";"-0.116487";"-0.025441";"0.080757";"0.928571";"0.5";"0.5";"0.428571";"0.428571";"0.357143";"0.785714";"0.071429";"0.642857";"0.0";"13.785209";"9.087338";"17.925028";"7.933833";"29.142857";"2.849991";"0.428571";"2.324863";"6.571429";"0.0";"6.571429"
"segura_A";"44";"1584";"No enfrene tu gallardo pensamiento";"14/14";"3.928571";"0.858357";"1.043052";"1.507894";"1.253772";"0.126262";"-0.337555";"0.445705";"-0.316326";"0.213688";"-0.385681";"0.42469";"1.071429";"0.214286";"0.714286";"0.142857";"0.571429";"0.0";"0.857143";"0.0";"0.428571";"0.0";"13.45426";"8.696958";"8.109434";"16.904899";"27.928571";"2.631249";"0.785714";"3.235926";"6.571429";"0.285714";"6.571429"
"segura_B";"285";"1615";"Un culto Risco en venas hoy süaves";"14/14";"4.357143";"1.160689";"1.187433";"1.701867";"1.008229";"0.039969";"-0.144269";"0.223303";"-0.167554";"-0.07465";"-0.068662";"0.118118";"0.571429";"0.357143";"0.357143";"0.357143";"0.428571";"0.214286";"0.928571";"0.214286";"0.428571";"0.071429";"11.903757";"8.495585";"5.337489";"10.067593";"27.928571";"1.94438";"0.642857";"3.039149";"6.0";"0.0";"6.0"
"segura_B";"287";"1615";"No entre las flores, no, señor don Diego,";"14/14";"4.142857";"1.021148";"1.196105";"1.131499";"1.335386";"0.272337";"-0.33841";"0.222307";"-0.309193";"0.234283";"-0.270801";"0.246259";"0.928571";"0.071429";"0.428571";"0.214286";"0.642857";"0.071429";"0.785714";"0.071429";"0.785714";"0.071429";"6.506082";"8.379826";"1.59323";"8.523458";"29.071429";"2.120117";"0.714286";"3.182006";"4.857143";"0.0";"4.857143"
"segura_B";"221";"1610";"Señores corteggiantes, ¿quién sus días";"14/14";"3.928571";"0.877643";"1.18518";"1.35888";"1.415513";"0.144444";"-0.238042";"0.255933";"-0.262105";"0.204759";"-0.204837";"0.270956";"0.285714";"0.285714";"0.5";"0.214286";"0.714286";"0.071429";"0.857143";"0.0";"0.285714";"0.0";"6.538762";"13.759328";"8.048881";"7.311521";"27.642857";"2.68879";"0.714286";"3.128085";"6.285714";"0.0";"6.285714"
"segura_B";"234";"1611";"El conde, mi señor, se fue a Nápoles;";"14/14";"4.142857";"0.826679";"1.012277";"1.778529";"1.383164";"0.00818";"-0.127085";"0.222307";"-0.124283";"-0.039048";"-0.085891";"0.219843";"0.785714";"0.357143";"0.428571";"0.285714";"0.428571";"0.214286";"0.857143";"0.0";"0.5";"0.071429";"5.544152";"5.143649";"13.240531";"5.880655";"28.0";"1.812654";"0.714286";"3.093069";"5.571429";"0.0";"5.571429"
"segura_B";"336";"1620";"Prisión del nácar era articulado";"14/14";"3.714286";"1.054616";"1.449389";"1.567402";"1.358959";"-0.049228";"-0.163641";"0.10238";"-0.095812";"0.049808";"-0.05591";"0.136867";"0.285714";"0.214286";"0.357143";"0.285714";"0.428571";"0.214286";"0.714286";"0.071429";"0.357143";"0.071429";"2.265851";"7.696615";"5.736677";"6.401341";"26.857143";"1.301491";"0.785714";"3.235926";"7.571429";"0.285714";"7.571429"
"segura_B";"355";"1621";"Las que a otros negó piedras Oriente,";"14/14";"4.285714";"0.880279";"0.999565";"1.711197";"1.493965";"-0.037868";"-0.03188";"0.172862";"-0.116633";"-0.023262";"-0.069299";"0.187468";"0.642857";"0.428571";"0.428571";"0.285714";"0.428571";"0.071429";"0.857143";"0.214286";"0.5";"0.071429";"6.260333";"5.571735";"15.115482";"14.64172";"28.0";"2.478479";"0.642857";"2.950212";"6.357143";"0.0";"6.357143"
"segura_B";"392";"1623";"Camina mi pensión con pie de plomo,";"14/14";"4.214286";"0.881395";"1.154956";"1.524168";"1.366581";"0.068473";"-0.275507";"0.333274";"-0.272791";"0.231157";"-0.270074";"0.216925";"0.714286";"0.214286";"0.714286";"0.214286";"0.571429";"0.071429";"0.714286";"0.142857";"0.571429";"0.0";"2.946805";"5.74149";"7.306111";"12.474952";"27.285714";"1.789995";"0.785714";"3.324863";"5.642857";"0.0";"5.642857"
"segura_B";"361";"1621";"Al tronco Filis de un laurel sagrado";"14/14";"3.857143";"0.750115";"1.00584";"1.542016";"1.498941";"0.10883";"-0.195081";"0.276164";"-0.191954";"0.069196";"-0.234714";"0.327485";"0.857143";"0.142857";"0.5";"0.214286";"0.571429";"0.071429";"0.928571";"0.071429";"0.357143";"0.0";"12.134282";"4.377749";"15.792908";"9.767498";"28.0";"2.44949";"0.642857";"2.896292";"7.214286";"0.285714";"7.214286"
"segura_B";"374";"1622";"El Conde mi señor se va a Nápoles";"14/14";"3.571429";"0.773266";"1.025299";"1.950523";"1.1887";"0.041378";"-0.266651";"0.387371";"-0.300316";"0.142424";"-0.231246";"0.374229";"0.785714";"0.0";"0.5";"0.285714";"0.428571";"0.0";"0.928571";"0.0";"0.357143";"0.071429";"13.71821";"15.494415";"4.861041";"0.817115";"28.071429";"2.603961";"0.785714";"3.235926";"5.928571";"0.0";"5.928571"
"segura_B";"219";"1610";"Pálida restituye a su elemento";"14/14";"4.785714";"0.776355";"1.081568";"1.176238";"1.522032";"0.164513";"-0.188454";"0.21634";"-0.186478";"0.15354";"-0.224352";"0.205367";"1.357143";"0.5";"0.571429";"0.142857";"0.714286";"0.214286";"0.857143";"0.142857";"0.642857";"0.0";"2.607571";"14.892381";"8.316698";"13.093489";"30.142857";"2.641892";"0.642857";"2.896292";"6.571429";"0.0";"6.571429"
"segura_B";"253";"1612";"Poco después, que su cristal dilata";"14/14";"4.0";"0.724832";"0.921651";"1.783476";"1.546436";"-0.089536";"-0.038825";"0.137369";"-0.107447";"0.059738";"-0.10448";"0.179178";"0.642857";"0.357143";"0.285714";"0.428571";"0.428571";"0.0";"0.714286";"0.142857";"0.357143";"0.285714";"8.979271";"5.003384";"2.542499";"4.829641";"28.5";"1.679711";"0.785714";"3.378783";"5.714286";"0.142857";"5.714286"
"segura_B";"237";"1611";"No de fino diamante, o rubí ardiente,";"14/14";"4.357143";"0.79063";"0.894225";"1.662686";"1.581446";"0.004707";"-0.015132";"0.171648";"-0.245037";"0.096708";"-0.113358";"0.150905";"0.928571";"0.428571";"0.357143";"0.285714";"0.5";"0.071429";"0.857143";"0.214286";"0.5";"0.142857";"11.554366";"2.417003";"7.368657";"5.239645";"28.428571";"2.290174";"0.428571";"2.378783";"7.071429";"0.0";"7.071429"
"segura_B";"218";"1610";"El cuarto Enrico yace mal herido,";"14/14";"4.357143";"0.718301";"1.119999";"1.325919";"1.415004";"0.133844";"-0.205358";"0.24913";"-0.245037";"0.225845";"-0.216667";"0.160338";"1.0";"0.285714";"0.428571";"0.214286";"0.714286";"0.071429";"0.857143";"0.142857";"0.571429";"0.071429";"5.450825";"23.733507";"7.569629";"6.848454";"28.285714";"3.149344";"0.785714";"3.324863";"6.428571";"0.285714";"6.428571"
"segura_B";"267";"1613";"Segundas plumas son ¡oh lector! cuantas";"14/14";"4.285714";"0.573617";"0.978635";"1.515469";"1.350287";"0.127552";"-0.109918";"0.113516";"-0.097942";"0.038109";"0.008739";"-0.011286";"0.714286";"0.285714";"0.285714";"0.428571";"0.571429";"0.071429";"0.714286";"0.142857";"0.714286";"0.071429";"0.852538";"13.816389";"8.522084";"10.598291";"29.0";"2.56348";"0.642857";"2.950212";"6.0";"0.142857";"6.0"
"segura_B";"358";"1621";"Sella el tronco sangriento, no le oprime";"14/14";"4.0";"0.775908";"1.026359";"1.277868";"1.353802";"0.232858";"-0.325344";"0.352298";"-0.29551";"0.203077";"-0.283534";"0.37625";"1.071429";"0.214286";"0.571429";"0.142857";"0.642857";"0.071429";"0.928571";"0.0";"0.428571";"0.0";"2.833586";"11.034896";"11.692083";"5.593783";"28.928571";"2.086155";"0.785714";"3.378783";"5.857143";"0.285714";"5.857143"
"sin_asignar";"900";"";"De vuestras ramas no la heroica lira";"14/14";"4.285714";"0.881391";"1.111576";"1.29281";"1.468495";"0.170231";"-0.301351";"0.250899";"-0.324733";"0.262875";"-0.234719";"0.248839";"1.428571";"0.214286";"0.642857";"0.142857";"0.785714";"0.071429";"0.714286";"0.071429";"0.571429";"0.071429";"9.675569";"3.643298";"19.615694";"3.203864";"29.214286";"3.097893";"0.571429";"2.807355";"6.0";"0.0";"6.0"
"sin_asignar";"901";"";"De chinches y de mulas voy comido;";"14/14";"4.571429";"0.911975";"1.195956";"1.467077";"1.569756";"0.074628";"-0.258432";"0.168521";"-0.230831";"0.291541";"-0.244188";"0.227516";"0.785714";"0.357143";"0.714286";"0.214286";"0.571429";"0.0";"0.714286";"0.142857";"0.714286";"0.142857";"8.338592";"9.16008";"9.459644";"5.841148";"28.642857";"1.98592";"0.785714";"3.324863";"5.785714";"0.5";"5.785714"
"sin_asignar";"902";"";"Soror don Juan, ¿ayer silicio y jerga,";"14/14";"4.357143";"0.838954";"0.961895";"1.615488";"1.195231";"0.056362";"-0.118442";"0.232737";"-0.106466";"-0.022995";"-0.000614";"0.169772";"1.071429";"0.428571";"0.5";"0.428571";"0.428571";"0.071429";"0.857143";"0.071429";"0.571429";"0.0";"11.981223";"3.263989";"8.818437";"15.68675";"28.571429";"2.61081";"0.5";"2.610577";"7.142857";"0.285714";"7.142857"
"sin_asignar";"903";"";"De humildes padres hija, en pobres paños";"14/14";"3.857143";"0.798652";"1.046074";"1.815127";"1.225644";"-0.082747";"-0.140345";"0.330901";"-0.191954";"0.1513";"-0.179978";"0.218012";"1.214286";"0.285714";"0.571429";"0.285714";"0.5";"0.0";"0.785714";"0.071429";"0.285714";"0.071429";"6.144736";"7.695861";"14.400339";"10.280052";"28.571429";"2.96923";"0.642857";"2.950212";"6.714286";"0.285714";"6.714286"
"sin_asignar";"904";"";"¿Las no piadosas martas ya te pones,";"14/14";"3.928571";"0.740156";"0.959002";"1.516099";"1.44311";"0.036002";"-0.021159";"0.174601";"-0.207885";"0.132357";"-0.168798";"0.162515";"0.571429";"0.357143";"0.285714";"0.214286";"0.571429";"0.0";"0.857143";"0.142857";"0.428571";"0.071429";"5.612332";"6.890168";"5.817573";"19.07895";"28.857143";"2.695423";"0.571429";"2.664498";"6.857143";"0.214286";"6.857143"
"sin_asignar";"905";"";"Hay entre Carrión y Tordesillas,";"14/14";"3.928571";"0.884697";"0.89953";"1.825534";"1.150111";"0.036002";"-0.156711";"0.301225";"-0.189703";"-0.066345";"-0.123506";"0.253099";"0.857143";"0.285714";"0.428571";"0.285714";"0.357143";"0.0";"0.928571";"0.214286";"0.428571";"0.0";"11.707192";"12.344242";"7.716482";"12.138922";"28.071429";"2.814866";"0.571429";"2.664498";"7.071429";"0.0";"7.071429"
"sin_asignar";"906";"";"Comer salchichas y hallar sin gota";"14/14";"4.214286";"0.65679";"1.036099";"1.474037";"1.89461";"0.042265";"-0.170674";"0.290117";"-0.263531";"0.214208";"-0.234606";"0.226184";"0.571429";"0.071429";"0.785714";"0.142857";"0.5";"0.142857";"0.642857";"0.214286";"0.642857";"0.071429";"7.681059";"9.497454";"4.043095";"7.185865";"27.785714";"2.209673";"0.857143";"3.521641";"5.785714";"0.285714";"5.785714"
"sin_asignar";"907";"";"Esta forma elegante, oh peregrino,";"14/14";"4.357143";"0.537755";"1.142433";"1.928156";"1.380781";"-0.046948";"-0.092614";"0.239696";"-0.141727";"0.028659";"-0.068662";"0.134511";"1.214286";"0.428571";"0.428571";"0.571429";"0.285714";"0.0";"0.857143";"0.285714";"0.5";"0.0";"5.301391";"1.727449";"3.147953";"9.754724";"27.642857";"1.836423";"0.928571";"3.664498";"5.857143";"0.0";"5.857143"
"sin_asignar";"908";"";"Rey de los otros ríos caudaloso,";"14/14";"3.857143";"0.704665";"1.120975";"1.391508";"1.520454";"-0.000643";"-0.085609";"0.175542";"-0.101001";"0.023309";"-0.116393";"0.154427";"1.071429";"0.5";"0.357143";"0.214286";"0.5";"0.0";"0.785714";"0.0";"0.5";"0.0";"13.696812";"3.264228";"7.715682";"4.672161";"28.714286";"2.249717";"0.785714";"3.378783";"7.357143";"0.142857";"7.357143"
"sin_asignar";"909";"";"Con razón, gloria excelsa de Velada,";"14/14";"4.0";"0.843744";"1.14273";"1.433298";"1.408051";"0.116384";"-0.217879";"0.2717";"-0.241778";"0.229944";"-0.202936";"0.286643";"1.142857";"0.214286";"0.5";"0.214286";"0.785714";"0.0";"0.857143";"0.0";"0.285714";"0.142857";"12.735958";"10.384808";"6.477372";"18.373905";"27.785714";"3.004249";"0.857143";"3.521641";"6.928571";"0.285714";"6.928571"
"sin_asignar";"910";"";"Llegué a Valladolid; registré luego";"14/14";"3.857143";"0.907944";"1.31629";"1.711206";"1.226589";"-0.028011";"-0.195081";"0.185211";"-0.228172";"0.142451";"-0.106724";"0.172945";"1.214286";"0.142857";"0.357143";"0.214286";"0.642857";"0.142857";"0.785714";"0.071429";"0.214286";"0.285714";"7.253059";"8.791103";"3.960395";"6.210553";"28.285714";"2.015248";"0.571429";"2.896292";"6.357143";"0.0";"6.357143"
"sin_asignar";"911";"";"En la capilla estoy y condenado";"14/14";"4.071429";"0.968671";"1.389168";"1.442557";"1.603658";"-0.115775";"0.023387";"0.05601";"-0.080267";"0.014716";"-0.094926";"0.06178";"1.071429";"0.428571";"0.214286";"0.214286";"0.5";"0.214286";"0.857143";"0.285714";"0.285714";"0.071429";"0.704523";"8.431492";"3.657686";"5.23292";"27.928571";"1.533636";"1.0";"3.807355";"6.642857";"0.285714";"6.642857"
"sin_asignar";"912";"";"Hermoso dueño de la vida mía,";"14/14";"3.928571";"0.742193";"1.351845";"1.200619";"1.516519";"0.008892";"-0.04827";"0.047978";"-0.063404";"0.105246";"-0.114577";"0.026963";"0.928571";"0.5";"0.214286";"0.214286";"0.571429";"0.071429";"0.642857";"0.142857";"0.5";"0.071429";"4.808645";"11.022565";"3.876966";"10.407319";"27.928571";"2.120117";"0.928571";"3.664498";"6.071429";"0.142857";"6.071429"
"sin_asignar";"913";"";"Esta en forma elegante, o peregrino,";"14/14";"4.214286";"0.655983";"1.05463";"1.859182";"1.367216";"-0.010152";"-0.108998";"0.254649";"-0.184906";"0.066217";"-0.111254";"0.147559";"1.285714";"0.428571";"0.428571";"0.5";"0.285714";"0.0";"0.785714";"0.285714";"0.5";"0.0";"4.540861";"2.55753";"5.040787";"6.91992";"27.642857";"1.673625";"0.928571";"3.664498";"5.857143";"0.0";"5.857143"
"sin_asignar";"914";"";"Mariposa, no sólo no cobarde,";"14/14";"4.0";"1.007416";"1.099995";"1.167154";"1.53344";"0.116384";"-0.038825";"-0.005971";"-0.134313";"0.149345";"-0.122337";"-0.008885";"1.0";"0.428571";"0.142857";"0.142857";"0.714286";"0.071429";"0.5";"0.142857";"0.785714";"0.071429";"5.323313";"10.791708";"13.830068";"5.064316";"27.571429";"2.664965";"0.642857";"2.950212";"5.642857";"0.0";"5.642857"
"sin_asignar";"915";"";"Si ociosa no asistió naturaleza,";"14/14";"4.214286";"0.780843";"1.095476";"1.775546";"1.290571";"-0.010152";"-0.039632";"0.097398";"-0.106281";"-0.012408";"0.036737";"-0.018951";"1.0";"0.357143";"0.285714";"0.428571";"0.357143";"0.071429";"0.857143";"0.285714";"0.571429";"0.0";"11.807004";"4.57472";"10.286791";"3.864692";"28.357143";"2.580342";"0.642857";"3.093069";"6.5";"0.0";"6.5"
"sin_asignar";"916";"";"En tenebrosa noche, en mar airado,";"14/14";"4.071429";"0.892815";"1.188306";"1.050279";"1.381625";"0.230477";"-0.305321";"0.215818";"-0.293345";"0.387603";"-0.254735";"0.159866";"1.071429";"0.142857";"0.428571";"0.214286";"0.785714";"0.071429";"0.571429";"0.071429";"0.785714";"0.0";"13.271636";"7.772156";"8.594348";"4.409804";"28.714286";"2.461955";"0.785714";"3.324863";"6.428571";"0.428571";"6.428571"
"sin_asignar";"917";"";"Al sol peinaba Clori sus cabellos";"14/14";"4.214286";"0.85439";"0.920512";"1.523018";"1.403703";"0.173307";"-0.327924";"0.421159";"-0.28974";"0.118634";"-0.303972";"0.374175";"1.0";"0.142857";"0.785714";"0.142857";"0.428571";"0.071429";"0.857143";"0.071429";"0.642857";"0.071429";"4.496647";"9.757752";"5.19499";"7.963468";"28.857143";"1.597191";"0.428571";"2.4138";"6.571429";"0.0";"6.571429"
"sin_asignar";"918";"";"Yacen aquí los hueso sepultados";"14/14";"3.571429";"0.598012";"1.05728";"1.738598";"1.451077";"-0.158451";"-0.018275";"0.28173";"-0.09194";"-0.020311";"-0.137058";"0.202947";"0.928571";"0.5";"0.357143";"0.142857";"0.428571";"0.0";"0.785714";"0.0";"0.285714";"0.071429";"6.937577";"10.010081";"5.53663";"17.138809";"28.285714";"2.762726";"0.571429";"2.807355";"6.928571";"0.0";"6.928571"
"sin_asignar";"919";"";"Menos solícito veloz saeta";"14/14";"4.071429";"0.770724";"1.197235";"1.648381";"1.130928";"0.053124";"-0.189691";"0.145005";"-0.124446";"0.121255";"-0.094926";"0.070871";"0.5";"0.357143";"0.285714";"0.357143";"0.5";"0.0";"0.714286";"0.071429";"0.714286";"0.071429";"7.511096";"6.524068";"4.678621";"9.465123";"27.071429";"2.086155";"0.785714";"3.378783";"5.428571";"0.0";"5.428571"
"sin_asignar";"920";"";"¡Oh niebla del estado más sereno,";"14/14";"4.285714";"0.757041";"1.26445";"1.66104";"1.475172";"0.049515";"-0.265992";"0.31227";"-0.159312";"-0.039929";"-0.225374";"0.326876";"1.357143";"0.142857";"0.642857";"0.142857";"0.357143";"0.214286";"0.928571";"0.142857";"0.642857";"0.071429";"6.294987";"4.2655";"12.949185";"7.928259";"28.785714";"2.454691";"0.714286";"3.235926";"6.0";"0.0";"6.0"
"sin_asignar";"921";"";"Ayer naciste y morirás mañana;";"14/14";"3.857143";"0.978697";"1.314709";"1.471061";"1.265607";"0.026725";"-0.167713";"0.19406";"-0.137218";"0.060346";"-0.270932";"0.090841";"0.928571";"0.214286";"0.357143";"0.214286";"0.5";"0.071429";"0.714286";"0.142857";"0.571429";"0.071429";"8.983842";"7.040651";"16.086403";"7.703154";"27.571429";"2.555506";"0.785714";"3.378783";"6.357143";"0.0";"6.357143"
"sin_asignar";"922";"";"-Rebelde y pertinaz entendimiento,";"14/14";"4.142857";"0.888741";"0.88342";"1.760686";"1.61231";"-0.018236";"-0.100669";"0.371627";"-0.229946";"0.075789";"-0.270801";"0.395579";"1.0";"0.357143";"0.785714";"0.071429";"0.5";"0.071429";"0.857143";"0.214286";"0.285714";"0.0";"13.286948";"11.050422";"9.128761";"8.362339";"29.285714";"2.602981";"0.5";"2.664498";"8.428571";"0.0";"8.428571"
"sin_asignar";"923";"";"Bien dispuesta madera en nueva traza,";"14/14";"4.214286";"0.839687";"0.852772";"1.532679";"1.30685";"0.12089";"-0.030372";"0.159075";"-0.132489";"0.030749";"-0.103564";"0.121351";"1.0";"0.428571";"0.285714";"0.357143";"0.571429";"0.0";"0.928571";"0.142857";"0.5";"0.0";"10.581016";"4.412121";"7.81553";"3.513859";"28.714286";"1.708323";"0.928571";"3.664498";"6.214286";"0.428571";"6.214286"
"sin_asignar";"924";"";"Dulce arroyuelo de la nieve fría";"15/14";"3.733333";"0.645142";"1.186691";"1.637222";"1.352777";"-0.029294";"-0.254614";"0.369775";"-0.251731";"0.199326";"-0.224087";"0.326017";"0.8125";"0.2";"0.6";"0.2";"0.6";"0.0";"0.733333";"0.0";"0.4";"0.0";"0.0";"0.0";"0.0";"0.0";"27.0";"3.482097";"0.875";"3.75";"5.8125";"0.25";"5.8125"
"sin_asignar";"925";"";"Embutiste Lopillo, a Sabaot";"16/14";"3.6875";"0.713484";"0.929005";"1.982986";"1.158963";"-0.051676";"-0.09549";"0.343618";"-0.14922";"-0.111884";"-0.065174";"0.300359";"0.375";"0.25";"0.4375";"0.375";"0.375";"0.0625";"0.9375";"0.0";"0.25";"0.0";"0.0";"0.0";"0.0";"0.0";"25.3125";"2.113018";"1.0";"4.0";"5.0625";"0.0";"5.0625"
"sin_asignar";"926";"";"Tonante monseñor, ¿de cuándo acá";"14/14";"4.285714";"1.071123";"1.179232";"1.859888";"1.149614";"-0.00251";"-0.213967";"0.286257";"-0.149966";"-0.082608";"-0.164003";"0.258185";"0.285714";"0.214286";"0.571429";"0.285714";"0.142857";"0.0";"0.928571";"0.285714";"0.642857";"0.214286";"14.423051";"10.696797";"8.185694";"8.392193";"25.928571";"2.520326";"1.0";"3.807355";"3.071429";"0.0";"3.071429"
"sin_asignar";"927";"";"Valladolid, de lágrimas sois valle,";"14/14";"4.285714";"0.985443";"1.380298";"1.607201";"1.264627";"-0.063881";"-0.145276";"0.146849";"-0.090621";"0.054775";"-0.104657";"0.15211";"1.285714";"0.357143";"0.285714";"0.357143";"0.571429";"0.142857";"0.857143";"0.071429";"0.428571";"0.214286";"5.169187";"0.617589";"7.403689";"13.57531";"29.5";"2.061553";"0.642857";"2.950212";"5.071429";"0.0";"5.071429"
"sin_asignar";"928";"";"Es el Orfeo del señor don Juan";"14/14";"4.214286";"0.854068";"1.019974";"1.982324";"1.26506";"-0.088777";"-0.06584";"0.185283";"-0.211114";"0.073907";"0.044427";"0.033466";"0.785714";"0.357143";"0.357143";"0.357143";"0.571429";"0.071429";"0.571429";"0.142857";"0.571429";"0.214286";"9.624253";"9.630533";"6.491159";"3.277977";"28.428571";"1.953542";"0.642857";"2.950212";"5.285714";"0.0";"5.285714"
"sin_asignar";"929";"";"Generoso esplendor, sino luciente";"14/14";"4.0";"0.704705";"1.109194";"1.472162";"1.357181";"0.089518";"-0.200022";"0.316423";"-0.223921";"0.11347";"-0.211945";"0.268625";"0.428571";"0.285714";"0.5";"0.214286";"0.5";"0.071429";"0.928571";"0.071429";"0.428571";"0.0";"7.3479";"2.431747";"10.169964";"10.549947";"27.142857";"1.884415";"0.785714";"3.235926";"6.0";"0.0";"6.0"
"sin_asignar";"930";"";"En justa, injusta expuesto a la sentencia";"14/14";"4.0";"0.764001";"1.07328";"2.286618";"1.143212";"-0.277599";"-0.092557";"0.450754";"-0.143322";"-0.208924";"-0.077614";"0.402956";"1.071429";"0.357143";"0.714286";"0.428571";"0.214286";"0.0";"0.928571";"0.142857";"0.071429";"0.142857";"14.156839";"6.713723";"11.677861";"3.271361";"28.071429";"2.865167";"0.714286";"3.093069";"7.428571";"0.285714";"7.428571"
"sin_asignar";"931";"";"Sin esperar la lucha picaril";"14/14";"3.357143";"0.656758";"1.100775";"1.867902";"1.132814";"-0.091925";"-0.00544";"0.059768";"0.057422";"-0.165136";"0.039789";"0.037443";"0.071429";"0.214286";"0.0";"0.642857";"0.285714";"0.071429";"1.0";"0.0";"0.142857";"0.0";"8.487881";"4.484158";"5.447754";"6.430531";"26.142857";"1.884415";"0.928571";"3.664498";"6.785714";"0.0";"6.785714"
"sin_asignar";"932";"";"¿Para qué dime Marcia, te perfumas,";"14/14";"3.5";"0.671625";"0.993273";"2.128056";"1.256083";"-0.151808";"-0.116937";"0.380057";"-0.228967";"-0.012325";"-0.159225";"0.366652";"0.357143";"0.071429";"0.5";"0.357143";"0.357143";"0.0";"0.928571";"0.142857";"0.142857";"0.0";"8.999495";"2.152537";"5.881062";"4.927861";"27.142857";"1.505093";"0.571429";"2.664498";"6.142857";"0.0";"6.142857"
"sin_asignar";"933";"";"Un Valentón de espátula, y gregesco,";"14/14";"3.785714";"0.72535";"0.878847";"2.11021";"1.23487";"-0.093618";"-0.124042";"0.296544";"-0.029146";"-0.235505";"-0.04481";"0.311724";"0.928571";"0.214286";"0.428571";"0.5";"0.142857";"0.071429";"1.0";"0.071429";"0.285714";"0.071429";"6.689797";"10.494045";"12.650057";"10.216588";"28.357143";"2.843718";"0.642857";"2.950212";"6.857143";"0.0";"6.857143"
"sin_asignar";"934";"";"«Aquí del Conde Claros», dijo, y luego,";"14/14";"4.0";"1.232219";"1.245885";"1.40494";"1.431871";"0.098527";"-0.146289";"0.074628";"-0.16118";"-0.011852";"-0.122337";"0.107589";"0.928571";"0.142857";"0.285714";"0.285714";"0.5";"0.214286";"0.714286";"0.142857";"0.642857";"0.071429";"9.017126";"11.70176";"5.732453";"16.935489";"27.857143";"2.531435";"0.714286";"3.093069";"6.785714";"0.0";"6.785714"
"sin_asignar";"935";"";"Este, que en la fortuna más subida";"14/14";"3.714286";"0.795196";"1.177389";"1.636624";"1.274541";"-0.049228";"-0.135715";"0.3084";"-0.196983";"-0.014741";"-0.129154";"0.29573";"0.571429";"0.357143";"0.428571";"0.071429";"0.357143";"0.0";"0.928571";"0.214286";"0.357143";"0.0";"8.44791";"4.90602";"3.424811";"1.730943";"27.928571";"1.667517";"0.642857";"2.950212";"7.071429";"0.0";"7.071429"
"sin_asignar";"936";"";"Cosas, Celalva mía, he visto extrañas,";"14/14";"3.928571";"0.883686";"1.168381";"1.476464";"1.46257";"0.036002";"-0.129601";"0.174601";"-0.153664";"0.105246";"-0.178051";"0.198554";"0.142857";"0.285714";"0.357143";"0.285714";"0.571429";"0.071429";"0.857143";"0.142857";"0.357143";"0.0";"7.995394";"7.639451";"9.85542";"5.147693";"28.857143";"2.099563";"0.285714";"1.985228";"8.071429";"0.0";"8.071429"
"sin_asignar";"937";"";"Celos de quien bien ama, amargo freno,";"14/14";"4.285714";"0.844218";"0.984249";"1.475156";"1.248372";"0.153565";"-0.265992";"0.31227";"-0.097942";"-0.056595";"-0.164003";"0.293543";"0.928571";"0.428571";"0.5";"0.214286";"0.285714";"0.071429";"1.0";"0.0";"0.714286";"0.071429";"4.89957";"9.033931";"14.970992";"7.239755";"30.428571";"2.381905";"0.428571";"2.4138";"6.285714";"0.0";"6.285714"
"sin_asignar";"938";"";"Este, que Babia al mundo hoy ha ofrecido";"14/14";"4.0";"1.001704";"1.01445";"1.50295";"1.396221";"-0.035804";"-0.038825";"0.12836";"-0.08959";"-0.074593";"0.002984";"0.179178";"0.857143";"0.571429";"0.357143";"0.357143";"0.428571";"0.0";"0.857143";"0.071429";"0.285714";"0.071429";"16.428507";"2.717051";"15.326529";"18.282614";"28.214286";"3.467782";"0.785714";"3.378783";"7.285714";"0.571429";"7.285714"
"sin_asignar";"939";"";"Patos del aguachirle castellana";"14/14";"4.285714";"0.97801";"1.257191";"1.586061";"1.423836";"0.023503";"-0.23998";"0.250899";"-0.168658";"0.158825";"-0.147336";"0.170801";"0.571429";"0.214286";"0.642857";"0.214286";"0.642857";"0.071429";"0.642857";"0.142857";"0.5";"0.214286";"8.255511";"5.359652";"9.075234";"5.165494";"28.714286";"1.829464";"0.785714";"3.378783";"5.857143";"0.0";"5.857143"
"sin_asignar";"940";"";"Si ya el griego orador la edad presente,";"14/14";"4.5";"0.785845";"1.024453";"1.488733";"1.449499";"0.094394";"-0.119399";"0.208323";"-0.279584";"0.159707";"-0.226246";"0.171683";"1.428571";"0.285714";"0.428571";"0.285714";"0.642857";"0.0";"0.928571";"0.285714";"0.5";"0.142857";"6.096219";"12.974448";"11.850163";"10.429786";"29.142857";"2.325546";"0.714286";"3.093069";"6.5";"0.285714";"6.5"
"sin_asignar";"941";"";"Vive en este volumen el que yace";"14/14";"4.5";"1.156247";"1.065863";"2.043411";"0.990346";"-0.084025";"-0.052549";"0.10637";"-0.075676";"-0.162027";"-0.038212";"0.06973";"1.142857";"0.285714";"0.214286";"0.714286";"0.5";"0.142857";"0.857143";"0.214286";"0.5";"0.071429";"14.931779";"3.917645";"9.45397";"6.35169";"29.285714";"2.281246";"0.928571";"3.664498";"5.714286";"0.0";"5.714286"
"sin_asignar";"942";"";"Pisó las calles de Madrid el fiero";"14/14";"3.714286";"0.662791";"1.143577";"1.682711";"1.363402";"-0.160934";"-0.024009";"0.261243";"-0.188287";"0.069039";"-0.129154";"0.184025";"0.571429";"0.428571";"0.428571";"0.285714";"0.428571";"0.0";"0.785714";"0.142857";"0.214286";"0.0";"11.518683";"16.166369";"5.747902";"9.770763";"27.428571";"2.555506";"0.714286";"3.128085";"7.142857";"0.0";"7.142857"
"sin_asignar";"943";"";"Restituye a tu mundo horror divino,";"14/14";"4.0";"0.823293";"1.002884";"1.433871";"1.548703";"0.116384";"-0.200022";"0.253682";"-0.286662";"0.211926";"-0.274686";"0.241759";"0.785714";"0.214286";"0.571429";"0.214286";"0.642857";"0.0";"0.714286";"0.142857";"0.5";"0.0";"8.99746";"5.636632";"3.787396";"7.43282";"28.428571";"2.744196";"0.785714";"3.324863";"6.857143";"0.285714";"6.857143"
"sin_asignar";"944";"";"En vez de las Helíades, ahora";"14/14";"3.928571";"0.654222";"0.866906";"1.764693";"1.197749";"0.008892";"-0.10249";"0.247004";"-0.02704";"-0.174786";"0.012046";"0.225989";"0.428571";"0.428571";"0.428571";"0.428571";"0.285714";"0.071429";"1.0";"0.0";"0.285714";"0.0";"12.100693";"11.793575";"15.41957";"9.355553";"27.428571";"2.96923";"0.928571";"3.664498";"6.5";"0.285714";"6.5"
"sin_asignar";"945";"";"Después que Apolo, tus coplones vido";"14/14";"4.428571";"0.928855";"1.157495";"1.13799";"1.594807";"0.165432";"-0.145938";"0.074797";"-0.057003";"0.102902";"-0.131509";"0.03792";"0.785714";"0.357143";"0.357143";"0.357143";"0.571429";"0.0";"0.714286";"0.071429";"0.857143";"0.142857";"17.725879";"7.080951";"4.244044";"7.862575";"28.142857";"2.747912";"0.714286";"3.235926";"6.142857";"0.285714";"6.142857"
"sin_asignar";"946";"";"«Aquí del Conde Claros», dijo, y luego";"14/14";"3.857143";"1.215052";"1.33568";"1.346159";"1.348137";"0.136198";"-0.222449";"0.084588";"-0.191954";"0.01446";"-0.125242";"0.163276";"0.785714";"0.071429";"0.285714";"0.285714";"0.5";"0.214286";"0.714286";"0.071429";"0.642857";"0.071429";"10.241498";"8.908697";"5.416235";"15.426942";"28.0";"2.390457";"0.714286";"3.093069";"6.785714";"0.0";"6.785714"
"sin_asignar";"947";"";"Sabe el cielo, Valdés, si me ha pesado";"14/14";"4.0";"0.703706";"1.160075";"1.558677";"1.563828";"-0.06267";"-0.083548";"0.182092";"-0.116456";"0.059738";"-0.077614";"0.143303";"1.142857";"0.428571";"0.428571";"0.285714";"0.5";"0.071429";"0.785714";"0.071429";"0.357143";"0.071429";"7.48293";"14.815198";"9.359677";"12.875515";"28.928571";"2.763649";"0.642857";"2.950212";"7.0";"0.285714";"7.0"
"sin_asignar";"948";"";"Deja las damas, cuyo flaco yerro";"14/14";"4.071429";"0.705297";"1.103648";"1.422399";"1.400154";"0.053124";"-0.109787";"0.091735";"-0.071176";"0.085529";"-0.050747";"0.044236";"1.071429";"0.428571";"0.285714";"0.357143";"0.571429";"0.0";"0.642857";"0.071429";"0.714286";"0.0";"10.567271";"10.311985";"5.708948";"7.806306";"27.714286";"2.83923";"0.571429";"2.753434";"5.571429";"0.0";"5.571429"
"sin_asignar";"949";"";"Orfeo, el que bajó de Andalucía,";"14/14";"3.857143";"0.79065";"0.913619";"1.718183";"1.255052";"0.081461";"-0.268336";"0.413005";"-0.274059";"0.123932";"-0.262083";"0.455475";"0.785714";"0.142857";"0.642857";"0.142857";"0.5";"0.071429";"0.928571";"0.0";"0.285714";"0.142857";"17.723319";"9.613802";"16.41675";"7.265622";"27.071429";"2.88999";"0.857143";"3.521641";"6.0";"0.0";"6.0"
"dudoso";"458";"";"No sois, aunque en edad de cuatro sietes,";"14/14";"3.928571";"0.90207";"1.135725";"1.810343";"1.086702";"-0.063511";"-0.120672";"0.255933";"-0.045222";"-0.138747";"-0.087467";"0.189625";"0.928571";"0.428571";"0.357143";"0.357143";"0.214286";"0.071429";"1.0";"0.071429";"0.357143";"0.071429";"4.702791";"6.124738";"8.324978";"3.152937";"29.0";"2.478479";"0.642857";"2.896292";"6.857143";"0.142857";"6.857143"
"dudoso";"456";"";"Antes que alguna caja luterana";"14/14";"3.928571";"0.740129";"1.009486";"1.62256";"1.396788";"-0.018219";"0.005951";"0.15642";"-0.063404";"-0.048487";"-0.06961";"0.099041";"1.071429";"0.357143";"0.214286";"0.428571";"0.5";"0.142857";"1.0";"0.071429";"0.214286";"0.0";"11.254985";"14.957987";"6.500861";"11.869352";"27.285714";"2.373321";"0.714286";"3.235926";"6.928571";"0.0";"6.928571"
"dudoso";"442";"";"Anacreonte español, no hay quien os tope,";"14/14";"3.857143";"1.021435";"0.869503";"1.881624";"1.123169";"-0.03686";"-0.085609";"0.248796";"-0.191954";"-0.095013";"-0.061656";"0.190644";"0.857143";"0.214286";"0.357143";"0.357143";"0.357143";"0.071429";"0.785714";"0.142857";"0.571429";"0.0";"19.934808";"4.182349";"22.064917";"7.973539";"29.857143";"3.313547";"0.642857";"3.039149";"5.428571";"0.0";"5.428571"
"dudoso";"420";"";"Cisne gentil, después que crespo el vado";"14/14";"4.0";"0.623358";"0.889714";"1.829689";"1.294923";"0.044795";"-0.28062";"0.540361";"-0.322376";"0.032872";"-0.238811";"0.501572";"1.214286";"0.285714";"0.785714";"0.071429";"0.5";"0.071429";"0.928571";"0.0";"0.357143";"0.0";"3.723296";"9.906603";"4.505097";"10.174438";"29.357143";"2.056597";"0.928571";"3.664498";"7.142857";"0.285714";"7.142857"
"dudoso";"428";"";"Por tu vida, Lopillo, que me borres";"14/14";"4.071429";"0.967679";"1.162927";"1.603717";"1.107205";"0.044033";"-0.136422";"0.206727";"-0.142628";"0.005625";"-0.041656";"0.115049";"0.714286";"0.357143";"0.357143";"0.285714";"0.428571";"0.214286";"0.785714";"0.071429";"0.5";"0.071429";"13.462733";"3.744195";"10.296971";"12.006242";"28.5";"2.5";"0.714286";"3.093069";"6.0";"0.142857";"6.0"
"dudoso";"433";"";"Yace debajo de esta piedra fría";"14/14";"3.857143";"0.771678";"0.947205";"1.834894";"1.184909";"0.026725";"-0.112977";"0.175542";"-0.046264";"-0.086163";"0.020448";"0.172126";"0.642857";"0.285714";"0.285714";"0.571429";"0.428571";"0.071429";"0.928571";"0.0";"0.285714";"0.0";"10.437826";"3.877165";"8.053403";"11.587722";"27.142857";"2.065262";"0.571429";"2.807355";"7.5";"0.0";"7.5"
"dudoso";"449";"";"Con poca luz y menos disciplina";"14/14";"4.142857";"0.760588";"1.010735";"2.00832";"1.342775";"-0.018236";"-0.311995";"0.460048";"-0.20353";"-0.003458";"-0.138723";"0.41282";"0.785714";"0.071429";"0.857143";"0.214286";"0.5";"0.071429";"0.857143";"0.071429";"0.285714";"0.214286";"6.247422";"5.157022";"12.001415";"15.36328";"28.214286";"2.365785";"0.785714";"3.324863";"6.357143";"0.0";"6.357143"
"dudoso";"421";"";"Generoso don Juan, sobre quien llueve";"14/14";"3.857143";"0.765383";"1.267341";"1.463269";"1.304031";"0.045244";"-0.222449";"0.221428";"-0.210473";"0.178668";"-0.097874";"0.154427";"1.142857";"0.142857";"0.428571";"0.285714";"0.571429";"0.071429";"0.714286";"0.071429";"0.5";"0.071429";"8.548958";"13.614452";"8.703407";"8.561283";"28.714286";"2.185294";"0.928571";"3.664498";"5.857143";"0.142857";"5.857143"
"dudoso";"427";"1598";"Señor, aquel Dragón de inglés veneno,";"14/14";"4.214286";"0.8419";"0.968707";"1.396741";"1.344659";"0.147098";"-0.196882";"0.22844";"-0.194165";"0.161791";"-0.182189";"0.252393";"0.571429";"0.428571";"0.5";"0.214286";"0.571429";"0.0";"0.857143";"0.071429";"0.571429";"0.0";"10.498569";"7.986975";"5.855165";"2.122604";"28.071429";"1.624117";"0.714286";"3.182006";"5.5";"0.0";"5.5"
"dudoso";"440";"1609";"Vimo, señora Lopa, su Epopeya,";"14/14";"4.142857";"1.00402";"0.992272";"1.877169";"1.153285";"-0.123899";"-0.047838";"0.239548";"-0.133458";"-0.118295";"-0.06865";"0.175079";"0.285714";"0.428571";"0.357143";"0.357143";"0.285714";"0.071429";"1.0";"0.285714";"0.285714";"0.071429";"3.73913";"4.605123";"7.554246";"6.389427";"25.857143";"1.807016";"0.642857";"2.896292";"6.142857";"0.0";"6.142857"
"dudoso";"460";"";"Cierto poeta, en forma peregrina";"14/14";"4.071429";"0.800059";"0.893191";"1.646925";"1.408664";"0.053124";"-0.189691";"0.375627";"-0.346615";"0.174525";"-0.254735";"0.310584";"0.714286";"0.357143";"0.571429";"0.071429";"0.642857";"0.0";"0.857143";"0.142857";"0.428571";"0.0";"5.463953";"4.99846";"6.994062";"1.582928";"27.357143";"2.348469";"0.928571";"3.664498";"6.357143";"0.0";"6.357143"
"dudoso";"462";"";"Doce sermones estampó Florencia,";"14/14";"4.071429";"1.008468";"1.209943";"2.230371";"1.163041";"-0.186589";"-0.136422";"0.269088";"-0.097811";"-0.171727";"0.038248";"0.283949";"0.571429";"0.214286";"0.5";"0.428571";"0.285714";"0.285714";"0.857143";"0.142857";"0.285714";"0.071429";"5.272527";"4.088836";"2.731758";"7.206407";"27.857143";"1.355262";"0.571429";"2.807355";"7.5";"0.142857";"7.5"
"dudoso";"439";"";"Pálido sol en cielo encapotado,";"14/14";"4.0";"0.563436";"1.280956";"0.772287";"1.879205";"-0.089536";"0.176104";"-0.059703";"-0.008992";"0.032872";"-0.050748";"-0.04476";"0.428571";"0.928571";"0.071429";"0.214286";"0.714286";"0.0";"0.928571";"0.0";"0.142857";"0.0";"4.434779";"7.499702";"6.612373";"13.247824";"27.428571";"2.128523";"0.857143";"3.521641";"7.428571";"0.285714";"7.428571"
